Actual_Escape_Score,Predicted_Escape_Score
-2.7500682,-2.6542411862055895
-2.8317971,-4.236691727157911
-2.7500682,-3.952914697416748
-2.7500682,-3.3163438094299584
-2.7500682,-1.4665988370471172
-2.7500682,-1.5616218916342572
-2.7500682,-2.936323409248506
-0.11272036,-1.707342136181523
-2.7500682,-2.5418139440160394
-2.7500682,-2.613247919121969
-2.7500682,-2.315963444251129
-2.7500682,-3.3799759552548183
-0.32854944,-1.9041831118982042
-2.7500682,-2.74543962296418
-0.19449914,-1.5731274109659577
-2.7500682,-2.9771593167534043
-0.032967117,0.32690950545715536
-1.4784696,-2.8066325495941964
-2.6813107,-3.032448725851046
-2.7500682,-1.0175278628484248
-2.7500682,-3.5505595127454983
-0.8754958,-1.838783013375543
-2.7500682,-2.6367396852449403
-2.7500682,-2.764091272118267
-2.7500682,-2.73375942353219
-1.1170772,-2.2752124541481344
-2.7500682,-1.88183710456972
-2.6813107,-1.6749165733850941
-2.7500682,-1.6510325704852764
-2.7500682,-2.2781481574992433
-2.6813107,-2.342963479239184
-0.006431517,-1.4547973435209454
-2.7500682,-2.8981664000784315
-2.7500682,-3.0163481314625056
-2.7500682,-4.605188779291585
-2.7500682,-2.3366673469090933
-0.6397854,-1.5983055143017644
-2.7500682,-1.6671498748864746
-2.7500682,-3.4325354539030126
-2.7500682,-3.7567763024889436
-0.012691326,0.9379510606702564
-2.8317971,-2.6084533256975986
-2.7500682,-2.4651390109974267
-2.7500682,-2.9313023800775633
-2.7500682,-1.8587572348524137
-0.82448816,-0.7060825183360886
-2.7500682,-2.2685432481989882
-2.7500682,-1.5401504271618318
-0.033060838,-0.8004418797868453
-2.541362,-2.4975521934005362
-2.7500682,-1.9899753781253215
-0.008330992,-0.7120823284327447
-2.7500682,-3.261412726508622
-2.7500682,-1.485997505679165
-2.7500682,-1.4921254256439518
-2.7500682,-2.9860564619016485
-2.7500682,-2.6530111527199707
-2.7500682,-2.9423362164375026
-2.7500682,-4.072965992012937
-0.008862565,-1.5913987535403806
-2.6813107,-3.251998713708036
-2.7500682,-1.9947340096922046
-2.7500682,-3.352268877657879
-0.016328618,-1.087616010604423
-2.2078886,-3.5940898356506352
-1.0287242,-0.703596374181847
-0.13412647,0.3945100991754069
-2.7500682,-2.2482351778786747
-2.7500682,-0.9317000302360889
-2.8317971,-1.3951558354994489
-2.7500682,-1.3470321039066482
-2.7500682,-1.2076859623392306
-2.8317971,-0.5447286287278938
-2.7500682,-1.9059506067842797
-0.028816959,-2.0147006857336454
-2.7500682,-1.5316337644085667
-1.6974527,-2.5464327672228784
-0.040672354,-1.78037089665539
-2.7500682,-1.3722602712544292
-2.7500682,-1.7764625586222578
